body,case_id,language,title
<p> </p><p> </p><p><em>Note: a German tr,1,en,British Columbia Citizens' Assembly on Electoral Reform
<p><em>Note: a German translation of thi,2,en,Minneapolis Neighborhood Revitalization Program
<p> </p><p><em>Note: Another version of ,3,en,Wenling City Deliberative Poll
<p><em>Note: a German translation of thi,4,en,Citizens’ Forum Europe
<h3>Summary</h3><p>Researchers at the W.,5,en,Biobanking in British Columbia
<p><em>Note: Another version of this cas,6,en,CaliforniaSpeaks
<h3>Summary</h3><p>InterACT’s Transporta,7,en,"Transportation Priorities Project (Clark County, Washington)"
<p> </p><p><em>Note: Another version of ,8,en,"Countywide Community Forums (King County, Washington USA)"
<p><u><em>Note: a German translation of ,9,en,"Philadelphia: Tight Times, Tough Choices"
"<p><a id=""Problem_and_Purpose"" name=""Pro",10,en,Daly City Community Budget Forums
"<p><a id=""Problem_and_Purpose"" name=""Pro",11,en,Brea City Budgeting
<p><em>Note: a German translation of thi,12,en,Participatory Budgeting in Berlin-Lichtenberg
<p> </p><p><em>Note: Another version of ,13,en,Portsmouth Listens
<p><em>Note: this article is in need of ,14,en,"Alternative Public Hearings in Andhra Pradesh (Vizag, India)"
<p><em>Note: this article is in need of ,15,en,Municipal Health Councils (Brazil)
"<h3>Summary</h3><p>In 1998, the Banglade",16,en,Community-Managed Clinics and Health Watch Committees (Bangladesh)
<p><strong>Problems and Purpose</strong>,17,en,Aboriginal Participation in National Health Consultations (Canada)
<p><em>Note:  This article is in need of,18,en,"Fernald Citizens Advisory Board (Fernald, Ohio, USA)"
"<p><a id=""Problems_and_Purpose"" name=""Pr",19,en,Health Effects Institute (United States)
"<p><a id=""Problems_and_Purpose"" name=""Pr",20,en,Board of Technology (Denmark)
"<p><a id=""Problems_and_Purpose"" name=""Pr",21,en,National Environmental Justice Advisory Council (United States)
"<p><a id=""Problems_and_Purpose"" name=""Pr",22,en,"Policy Council of Kentucky Center for Public Issues (Kentucky, USA)"
"<p> </p><p><a id=""Problems_and_Purpose"" ",23,en,Rural Plebiscite Experiment (Indonesia)
<h3>Summary</h3><p>The Poitou-Charentes ,24,en,"High School Participatory Budget (Poitou-Charentes, France)"
"<h3>Orígenes</h3><p>En Rosario, en medio",25,en,"Presupuesto Participativo (Rosario, Argentina)"
<p> </p><p><em>Note 1: Another version o,26,en,"Participatory Budgeting (Tower Hamlets, London, UK)"
<p><em>Note: a German translation of thi,27,en,"Australia's First Citizens' Parliament (Canberra, Australia)"
"<h3>Summary</h3><p>In December 2008, a 1",28,en,Citizens' Reference Panel on Health Technologies - Ontario Canada
"<p><a id=""Purpose"" name=""Purpose""></a></",29,en,"Participatory Budgeting in Salford, UK"
<p> </p><p><strong>Problems and Purpose<,30,en,Democratic Innovations in Germany
<em>For a comprehensive general account ,31,en,Citizens' Initiative Review
"<p><a id=""Problems_and_Purpose"" name=""Pr",32,en,Unified New Orleans Plan
<h3>Summary</h3><p>The Mayor's Youth Sum,33,en,Mayor's Youth and Families Initiative Summit
"<p><a id=""Purpose.2FProblem"" name=""Purpo",34,en,Front Porch Forum 
<p> </p><p><em>Note: a German translatio,35,en,Kerala People’s Campaign for Decentralized Planning
"<h3>Problems, Purpose and History</h3><p",36,en,California Speaks
"<p><a id=""Overview"" name=""Overview""></a>",37,en,POWER2010
"<p><a id=""1._Problems_and_Purpose"" name=",38,en,Far North Queensland Citizen's Jury
<h3>Summary</h3><p>This case was put on ,39,en,"Hard Times, Hard Choices: Michigan Citizens Deliberate"
<h3>Summary</h3><p>The Deliberative Poll,40,en,"Marousi, Greece - Deliberative Polling"
"<p><a id=""Problems_and_Purpose"" name=""Pr",41,en,Obama's Open Government Directive
<h3>Summary</h3><p>Dialogue with the Cit,42,en,Dialogue with the City
<p><em>Note: a German translation of thi,43,en,Chicago Participatory Budgeting Project
<p> </p><p><em>Note: a German translatio,44,en,Participatory Budgeting: Porto Alegre 
<h3>Introduction</h3><p>The Seattle City,45,en,Seattle Neighborhood City Council
<p><em>The contents of this case study w,46,en,Ontario Citizens' Assembly on Electoral Reform
<p><em>Note:  This article is in need of,47,en,San Francisco Online Voter Guide
"<p><a id=""Purpose"" name=""Purpose""></a></",48,en,Participatory Publics in Brazil
<h3>Summary</h3><p>EuroPolis was organiz,49,en,EuroPolis: Participation and Citizenship in Europe
<p><em>Note: a German translation of thi,50,en,ASUW Student Senate
<p><em>Note: a German translation of thi,51,en,1st Inuit Youth Symposium on the Inuit Language
<p><em>Note: For a full case analysis of,52,en,New Mexico Citizen Conferences
<p><em>Note: a German translation of thi,53,en,Tillamook Bay National Estuaries Project
<p><em>Note: the following article needs,54,en,Edmonton Citizen Panel 2009
<h3>Summary</h3><p>The Citizen's Council,55,en,National Institute for Health and Clinical Excellence Citizens Council
<p><em>Note: a German translation of thi,56,en,2010 University of Puerto Rico Strike
<p><em>Note: For a full case analysis of,57,en,Conseils de quartier (France)
<p><em>Note:  This article is in need of,58,en,Global Forum on Modern Direct Democracy 2010
<p><strong>Summary </strong></p><p>Parti,4261,en,"Participatory Budgeting in La Marsa, Tunisia "
<p><em>Note: a German translation of thi,60,en,National Public Policy Conferences (Brazil)
"<p><a id=""Purpose_and_Problem"" name=""Pur",61,en,Shimer College Assembly
"<h3 class=""c2 c12"">Contents</h3><ol clas",62,en,"National Assembly (Iceland, 2009)"
<p><em>Note: a German translation of thi,63,en,Listening to the City
<p><em>Note: a German translation of thi,64,en,San Mateo Deliberative Poll
"<p><a id=""PURPOSE_AND_PROBLEM"" name=""PUR",65,en,CIVICUS World Assembly
<p><em>The contents of this case study w,66,en,Developing a Framework for a Mental Health Care Strategy for Canada
"<p><a id=""Problems_and_Purpose"" name=""Pr",67,en,The 2010 UK Youth Parliament at the House of Commons
<p><em>Note:  This article is in need of,68,en,"Citizen Participation in Science and Technology Project ""CIPAST"" (E.U.)"
<p><em>Note: a German translation of thi,69,en,Tomorrow's Europe
<h3>Summary</h3><p>The San Francisco Urb,70,en,San Francisco Urban-Rural Roundtable
<h3>Problems and Purpose</h3><p>The Chic,71,en,Community Policing in Chicago
<p><em>Note: this article is a stub. Ple,72,en,Mississauga-Halton Citizens' Reference Panel Integrated Health Services Plan
<h3>Problems and Purpose</h3><p>Democrat,73,en,Bolivian Democratic Development
"<p><a id=""Purpose_and_Problem"" name=""Pur",74,en,Indonesia Direct Democracy Experiment
"<p><a id=""Problems_and_purpose"" name=""Pr",75,en,"Open Government Directive, Obama Administration"
<h3>Summary</h3><p>The International You,76,en,International Youth Leadership Conference
"<p><a id=""Purpose_and_Problems"" name=""Pu",77,en,Community Planning (Scotland)
<h3> </h3><p><em>Note: a German translat,78,en,The Unified New Orleans Plan
"<p><a id=""1_Purpose_and_Problem"" name=""1",79,en,Warwick Junction Urban Renewal Project
"<p><a id=""Project_Aims"" name=""Project_Ai",80,en,Artworks Creative Communities' 'Get Your Pen Out' Homelessness Project
"<p><a id=""Purpose_and_Problem"" name=""Pur",81,en,Kentucky School Councils
<h3>Summary </h3><p>The Mondragón Co-ope,82,en,Mondragón Co-operative Corporation
<p>Note: a German translation of this ca,83,en,Gacaca Courts: Community Justice in Rwanda
<h2>Problems and Purpose</h2><p>The Pati,84,en,Northern Ireland Patient and Client Council
<p> </p><p><em>Note:  This article is in,85,en,Northern Ireland Pensioners' Parliament (2011)
<p><b>Developing a National Strategy for,86,en,Developing a National Strategy for Rural Canada
<h3>Summary</h3><p>“Porto le Mie Idee” i,87,en,"Participatory Planning in Carrara ""Porto le Mie Idee"" (Italy)"
<p> </p><p><em>Note: a German translatio,88,en,Recife Participatory Budgeting
"<p><a id=""Problem_and_purpose"" name=""Pro",89,en,IntegrAzione
"<p><a id=""History"" name=""History""></a></",90,en,"Electronic Town Meeting 2009 (Turin, Italy)"
<p><em>Note: an English translation of t,91,en,Participación Ciudadana en la Revisión del PRC de Estación Central
<p><em>Note: an English translation of t,93,en,No a la Costanera Norte
"<p><a id=""1..09Problem_and_purpose"" name",94,en,"Participatory Budgeting ""Proposing Together, Deciding Together"" (Saione, Italy)"
<h3>Summary</h3><p>In December 2009 the ,95,en,Citizens' Hall Mongolia
"<p><a id=""Summary"" name=""Summary""></a></",96,en,"""Together We Design Acque Chiare Park"" Participatory Planning (Reggio Emilia, Italy)"
"<p><a id=""Overview"" name=""Overview""></a>",97,en,"Collaborative Planning - Sbertoli Villas and the City (Pistoia, Italy)"
"<p><a id=""1-_Purpose_and_Problem"" name=""",98,en,"Participatory Budgeting in San Marcello ""Facciamo i Conti...Insieme"" (Italy)"
<p><em>Note: an English translation of t,99,en,Presupuesto Participativo Joven de Rosario (Argentina)
"<p><a id=""1..09Problems_and_purpose"" nam",100,en,"Citizen Councils of Grenoble, France"
<p><em>Note: this case needs help with c,101,en,"Participatory Urban Planning in Ospizio District (Reggio Emilia, Italy)"
"<p><a id=""Abstract"" name=""Abstract""></a>",102,en,"Participatory Socio-Economic Multi-year Plan “PartecipAppennino” (Tuscan-Emilian Appennine National Park, Italy)"
<p><em>La versión en inglés deste artigo,103,en,Programa de Recuperación de Barrios “Quiero Mi Barrio” (Chile)
<h3>Purpose and Problems</h3><p>The purp,104,en,"Io Conto “I Count”: Participatory Budgeting (Arezzo, Italy) "
<p><em>Note: an English translation of t,105,en,Les Journées de la Participation à Angers
<p><em>Note: an English translation of t,106,en,"Insieme sulla Buona Strada (Forte dei Marmi, Italy)"
<p><em>Note: an English translation of t,107,en,"La Bottega del Futuro (Casamassima, Italy)"
<p><em>Note:  This article is in need of,108,en,The Alta Valle del Solano Community Map
<p>Note: an English translation of this ,109,en,La Reina Proyecto de Desarrollo Sostenible (Chile)
<h3>Problems and Purpose</h3><p>The jury,4364,en,Creating a Safe and Vibrant Adelaide Nightlife
<h3>Problems and Purpose</h3><p>Vecinos ,110,en,"Residents in Defence of Yungay Neighbourhood ""Vecinos por la Defensa del Barrio Yungay"" (Santiago, Chile)"
<h3>Overview</h3><p>“The South East Loca,111,en,South East Ontario Citizens' Reference Panel Integrated Health Services Plan
<p><em>Note:  This article is in need of,112,en,"Planning Our Square Together ""Progettiamo Insieme la Nostra Piazza"" (Montale, Italy)"
<p><em>Note: an English translation of t,113,en,"Il Padule Che Vorremmo (Ponte Buggianese, Italy)"
"<h3>History</h3><p>In January 2008, the ",114,en,"Participatory Planning Workshop ""Cisternino 2020"" (Livorno, Italy)"
<p><em>Note:  This article is in need of,115,en,"Now We Do the Math ""Ora Facciamo i Conti"" (Rome, Italy)"
<p><em>Note: an English translation of t,116,en,"Un Bilancio Con Le Tue Idee (Reggio Emilia, Italy)"
<p>The District of Columbia Neighbourhoo,117,en,The District of Columbia Neighbourhood Action Initiative
<h4>History</h4><p>In the second half of,118,en,"“Let’s Turn the Table!” Participatory Budgeting (Marghera, Italy)"
<h3>Problems and Purposes</h3><p>The Mun,119,en,"Participatory Landscape Design ""Il Paesaggio Partecipato"" (Scansano, Italy)"
<h3>Summary</h3><p>As the first particip,120,en,Youth Participatory Budgeting in Colle di Val d'Elsa
<h3><strong>Summary</strong></h3><p>Zola,121,en,"Participatory Planning Workshop ""Belvedere-Parco Giardino Campagna"" (Zola Predosa, Italy)"
<h3>Problem and Purpose</h3><p>Between F,122,en,"Land Use Planning in Bounconvento - ""Variante al Piano Strutturale"""
<h3>Problem and Purpose</h3><p>In 2005 t,123,en,"Participatory Market Redesign ""Laboratorio Mercato"" (Bologna, Italy)"
<p><em>Note:  This article is in need of,124,en,SPD Online- Forum 2011
<h3>Background</h3><p>Figline Valdarno i,125,en,"Ideas in the Square ""Idee In Piazza"" (Figline Valdarno, Italy)"
"<p><a id=""Background"" name=""Background"">",126,en,Citizens At Work: Engaging for Prosperous Communities
<h3>Problems and Purpose</h3><p>The refo,127,en,Public Engagement in Five Colorado School Communities
<h3>Problems and Purpose</h3><p>Uniontow,128,en,Building Community: The Uniontown Story
<h2>Introduction</h2><p>In 2010 the Emil,129,en,"Participatory Transportation Planning ""Buona Mobilità"" (Emilia-Romagna, Italy)"
<h3>Summary</h3><p>The National Forum 20,130,en,Icelandic National Forum 2010
<h3>Summary</h3><p>The Constitutional Co,131,en,Icelandic Constitutional Council 2011
<h3>Summary</h3><p>This participatory pr,132,en,Saione: a Neighborhood Where People Meet
<h3>Summary</h3><p>This participatory pr,133,en,Maledetti Paduli: Participatory Landscape Planning in Southern Italy
<p><em>Note:  This article is in need of,134,en,"Esta es una Plaza (Madrid, Spain)"
<h3>Abstract</h3><p>This case study feat,135,en,"The ""Lange Wapper"" Project in Antwerp, Belgium"
<h3>General Context and History</h3><p>T,136,en,"Uzzano - ""A School for All"""
<h3>History</h3><p>Kavaja is one of the ,137,en,"Participatory Capital Investment Program (Kavaja, Albania)"
<p><em>Note:  This article is in need of,138,en,"Participatory Renovation of Bovio Square (Piombino, Italy)"
<p><em>Note:  This article is in need of,139,en,Quartiere Compagnoni - Participatory Planning Workshop 2005
<h3>Purpose and Objective</h3><p>“Insiem,140,en,"Participatory Renovation of Ciompi Square (Florence, Italy)"
<p><em>Note:  This article is in need of,141,en,Mazara del Vallo- Strategic Plan
<p> </p><p> </p><p> </p><p> </p><p> </p>,142,en,Reggio Emilia: Citizenship Agreement Toschi Street – San Carlo Street
<p>Foreword</p><p>The present work is th,143,en,Revitalizing Livorno's Northern Suburbs
<p><em>Note:  This article is in need of,144,en,Amiata Grossetano: Sustainable Lifestyle
<p>The following entry has been summaris,4553,en,Port Hedland Enquiry-by-design
<p><em>Anmerkung: Dies ist die deutsche ,766,en,"Bürgerhaushalt (New York, New York)"
<em>Note:  This article is a stub and is,386,en,European Citizens' Initiative
<h3>Definition and Use:</h3><p>The Livin,398,en,Living Voters Guide
<p><em>Note:  This article is a stub and,419,en,Food for Health - Building a Healthy Food System in NYC
<p><em>Note: an English translation of t,426,en,Orçamento Participativo (OP) 2010 - Município de Atibaia
<p><em>Anmerkung: Dies ist die deutsche ,2454,en,Der Bürgerhaushalt in Chicago
<h3>Propósito y Problema  </h3><p>El pro,432,en,Nueva línea ferroviaria de Alta Velocidad (LGV) París - Lyon 
<p><em>Note: the following case study is,433,en,PartecipAttivaMente Politiche Giovanili Attive
<h3><strong>Problems and Purpose</strong,434,en,"Representative Town Meeting (Amherst, Massachusetts, USA)"
<h3>Introduction</h3><p>“What’s Next Cal,438,en,"What's Next California? Deliberative Poll (Torrance, California)"
"<h3>Problems and Purpose</h3><p>In 2004,",439,en,"Town Center (North Brunswick, New Jersey)"
<h3>Problems and Purpose</h3><p>The purp,440,en,"Strong Starts for Children (Albuquerque, New Mexico, USA)"
<h3>Problems and Purpose</h3><p>Given th,443,en,"National Performing Arts Convention, Taking Action Together (Denver, Colorado)"
<p>The Year of Civil Discourse on Israel,548,en,"Year of Civil Discourse on Israel - Bay Area, California"
<h3>Problems and Purpose </h3><p>Years o,445,en,"Redesigning of Onondaga Lake (Syracuse, New York)"
<h3>Problems and Purpose</h3><p>El presu,446,en,San Antonio Presupuesto Participativo
<p><em>Note:  This article is in need of,449,en,Law-making 2.0 by Wikivote (Russia)
<h3>Problems and Purpose</h3><p>The 2008,450,en,National Citizens' Technology Forum (USA)
<h3>Problems and Purpose</h3><p>Obesity ,451,en,Shaping America's Youth (United States)
<p><em>Note:  This article is in need of,452,en,"Direct Democracy SA (""Never again vote for a 5 year dictator"")"
<p><em>Note: the following case study is,454,en,Agenda para el Desarrollo Social
<h2><u>I.    Definición de la Comunidad ,456,en,"Proyecto Participativo ""Las Brisas"""
<h3>Problems and Purpose</h3><p>The ECOC,460,en,"ECOCITY (Trinitat Nova, Barcelona, Spain)"
<p><strong>Problems and Purpose- </stron,461,en,Advancing the Future for Adults with Autism: National Town Hall Meeting (United States)
<h3>Summary</h3><p>Before making the edu,462,en,A Deliberative Poll on Education Policy in Northern Ireland
<h3><strong>Purpose and History</strong>,463,en,Pittsburgh's Citizen Participation Plan
<h3>Background:</h3><p>In January of 199,464,en,"The Use of Machizukuri After the 1995 Earthquake (Kobe, Japan)"
<h3>Summary</h3><p>The New Jersey People,465,en,"Let the People Speak: New Jersey Citizens’ Tax Assembly (New Jersey, USA)"
<h3>Objecto y Problema</h3><p>La Agenda ,466,en,Rafaela Agenda Estrategica
<h3>Problems and Purpose</h3><p>Bike Pla,467,en,Bike Plan Hawaii (Hawaii)
<p><em>NOTE: The English translation of ,468,en,"Agenda 21 Locale (Province of Forli-Cesena, Italy)"
<p>Note: a German translation of this ar,469,en,"Participatory Budgeting (New York, New York)"
"<h3>Summary</h3><p>On June 26th, 2010 Am",470,en,"Our Budget, Our Economy (United States)"
<h3>Problems and Purpose</h3><p>Washingt,471,en,"Traffic Congestion (Washington, DC, USA)"
<h3><strong>Summary</strong></h3><p>Vill,473,en,"Participatory Budgeting (Villa El Salvador, Peru)"
<h3>Problems and Purpose</h3><p>75 per c,475,en,"Auckland, Participatory Urban Planning “The Auckland Plan”"
<h3>Propuesta</h3><p>El Bosque Modelo Fo,481,en,FORMOSA - Bosque Modelo Formoseño
<h3><strong>OBJETO Y PROBLEMÁTICA</stron,482,en,"Presupuesto Participativo, La Plata (Argentina)"
<h3>Problems and Purpose</h3><p>The comm,483,en,"North Bethany Subarea Plan (Bethany, Oregon)"
<h3><strong>Problems and Purpose</strong,485,en,G1000 (Belgium)
Note:  This article is in need of assist,486,en,Globplex e-Région Province d'Essaouira (Français)
<h3><strong>Problems and Purpose</strong,487,en,"Imagine Philadelphia: Laying the Foundation (Philadelphia, Pennsylvania)"
<h3>Problems and Purpose</h3><p>El prese,489,en,"Presupuesto Participativo, Córdoba (España)"
<h3>Problems and Purpose</h3><p>O orçame,491,en,"Orçamento Partecipativo, Freiburg (Alemania)"
<h3>Problema y Propósito</h3><p>Antes de,494,en,"Colombia, La Guardia Indígena"
<p><em>Note: an English translation of t,495,en,Orçamento Participativo em Santa Cruz (Cabo Verde)
<h3><strong>Poblema y Propósito</strong>,496,en,"Participación Ciudadana en la Política Habitacional, Puente Alto (Chile)"
Note: an English translation of this art,497,en,"Medellín, Colombia.  Planeación Local y Presupuesto Participativo"
<h2>Introducción</h2><p>El Presupuesto C,498,en,"Presupuesto Participativo (Rafaela, Argentina)"
<p><em>Note: an English translation of t,499,en,"Paesaggio Town Meeting (Tuscany, Italy)"
<p><em>Note: the following case study ne,500,en,"Brownfield Cleanup Program, Kips Bay Fuel Terminal Site (New York City, New York, USA)"
<p><em>Note: an English translation of t,501,en,"El Programa Europeo e-AGORA (Ipatinga, Brazil)"
<h3>Problems and Purpose</h3><p>El princ,502,en,"Autopista Gronda, Génova (Italy)"
<h3>Problems and Purpose</h3><p>Durante ,503,en,"Ciudad Autonoma de Buenos Aires, Presupuesto Participativo"
<h3>Problems and Purpose</h3><p>El Presu,504,en,"Fortaleza, Presupuesto Participativo"
<p><em>Note: an English translation of t,505,en,"Progetto ex Mercato Ortofrutticolo (Bologna, Italy)"
<h3>Problems and Purpose</h3><p><em>‘Lee,506,en,"Leefbaarheidsbudget Participatory Budgeting (Utrecht, Netherlands)"
<h3>Objetivos y Problemas</h3><p>Luego d,507,en,"Estrategia Regional de Desarrollo e Diálogos Ciudadanos, Región de los Ríos (Chile)"
<h3>Problems and Purpose</h3><p>El proce,508,en,"Illapel, Presupuesto Participativo"
<h3>Problems and Purpose</h3><p> </p><h3,509,en,Multi-option Referendums: The Cases of Puerto Rico and Newfoundland
<h3>Propuestas y Problema:</h3><p>Desde ,511,en,Montevideo Uruguay Presupuesto Participativo
<h3>History</h3><p>1. Background</p><p>I,515,en,"Bicycle Activism (Bucharest, Romania)"
<h3>Problems and Purpose</h3><p>Occupy V,519,en,"The Occupation of the Vancouver Art Gallery: October 15 - November 21, 2011"
<h3>Problems and Purpose</h3><p>It encou,524,en,UK's Virtual Parliament
<p><em>Note: the following article is a ,531,en,Community Conservation Agreement
Written by Hoonmee Chung and Samuel Shen,534,en,October 15 Movement
"<h3>Problems and Purpose</h3><p>In 2000,",542,en,Japanese Consensus Conference on Genetically Modified Crops
<h3>Overview</h3><p>Participatory decent,546,en,Participatory Decentralization in Montevideo
<p><em>Note: this is an English translat,549,en,"The Wetland We Want ""Il Padule Che Vorremmo"" (Ponte Buggianese, Italy)"
<em>For a comprehensive general account ,597,en,Oregon Citizens Initiative Review 2010 Measure 74
<p><em>Note: this is an English translat,550,en,"A Budget With Your Ideas (Reggio Emilia, Italy)"
<p><em>Note: this is an English translat,557,en,"Space of the Future (Casamassima, Italy) "
<p><em>Note: this is an English translat,558,en,"Together Down the Good Road (Forte dei Marmi, Italy)"
<p><em>Note: this is an English translat,570,en,"Landscape Town Meeting (Tuscany, Italy)"
<p><em>Note: this is an English translat,587,en,"Local Agenda 21 (Province of Forli-Cesena, Italy)"
<h3> </h3><p><em>Note: This article is i,573,en,Federal Community Cabinets (Australia)
<p><strong><em>Participedia Teaching Cas,4378,en,Kadikoy Urban Planning Teaching Case
<p>Problems and Purpose</p><p>Depuis 201,4085,en,Lac-Megantic
<p><em>Note: this is an English translat,588,en,"Project ex-Farmer's Market (Bologna, Italy)"
"<p>[Photo courtesy of <a href=""http://ww",593,en,Oregon Citizens' Initiative Review 2010 Measure 73
<p>Note: this is an English translation ,595,en,"Participation Days in Angers, France (translated)"
<h3>Problems and Purpose</h3><p>The Comm,600,en,Community Planning Toolkit 
<h3>Problems and Purpose</h3><p>The purp,601,en,CommonGround: The First Five Years: A Dialogue on Early Childhood in New Mexico
<h2>Introduction</h2><p>Burning Man is a,604,en,"The Burning Man Festival: Art, Participation, and Collective Organization"
<h3>Problems and Purpose</h3><p>In the l,609,en,Citizens' Dialogue on the Future of Health Care in Canada
<h3>Problems and Purpose</h3><p> </p><h3,617,en,GAMBA patient and citizen panels
<h2>Problems and Purpose</h2><p>Contrary,619,en,"The Inner Belt Crisis: “Unpaving the Way” with Diversity and Professional Expertise (Boston, Massachusetts)"
<h3>Problems and Purpose</h3><p>The <a h,633,en,"Alternative University Project (Montreal, Canada)"
<h3>Problems and Purpose</h3><p>The purp,630,en,Citizens’ Dialogue on Public  Health Goals in Canada
<h3>Problems and Purpose</h3><p>In the l,634,en,"Northumberland Hills Hospital’s Collaborative Budget Strategy (Cobourg, Ontario, Canada)"
<h3>Problems and Purpose</h3><p>In 2008 ,636,en,"New Brunswick (Canada) Health Council Citizen Engagement Project: ""Our Health. Our Perspectives. Our Solutions"""
<h3>Problems and Purpose</h3><p>On Augus,642,en,"Deliberative Poll on Korean Reunification (Seoul, South Korea)"
"<h3>Problems and Purpose</h3><p>The ""Pia",644,en,"PIS - ""Programmiamo Insieme la Salute"""
<h3><strong>Problems and Purpose</strong,647,en,"Raymond, New Hampshire's Community Conversation: A Collaboration of Positive Raymond and New Hampshire Listens"
"<h3>Problems, Purpose, History </h3><p>O",652,en,"Participatory Budgeting with SMS (Jarabacoa, Dominican Republic) "
"<h3>Problems and Purpose</h3><p>""Citizen",655,en,Citizen Budget
"<p><a href=""http://www.nrp.org/r2/Winter",767,en,Minneapolis Nachbarschafts-Wiederbelebungsprogramm
<p><em>Note: this article was coauthored,768,en,"Social Consensus Building, Kagoshima, Japan"
<h3>Anmerkung: Dies ist die deutsche Übe,769,en,Oregon Citizens Initiative Review 2010 Measure 74
<p><em>The original version of this case,1183,en,Envision Prince George's
"<p> </p><h3 class=""western"">Ablauf</h3><",777,en,Bürgerhaushalt Monheim
<h3>Definition</h3><p>According to Calif,687,en,California Proposition 31 (2012)
"<p><em>See <a href=""http://participedia.",689,en,Oregon Citizen's Initiative Review 2012 - Measure 85
<p><em>Übersetzer: Daniel Marwecki</em><,781,en,"""Hören auf die Stadt"" (Listening to the City)"
"<p>In 2012, the City of Canada Bay Counc",715,en,City of Canada Bay Council Citizens' Panel
<p><em>For a comprehensive general accou,718,en,Oregon Citizen's Initiative Review 2012 - Measure 82
<p><em>Übersetzer: Daniel Marwecki</em><,774,en,Die 1st Jugendkonferenz der Inuit zum Erhalt ihrer Sprache
<p><em>Anmerkung: Dies ist die deutsche ,773,en,Bürgerhaushalt in Berlin-Lichtenberg
<p>Anmerkung: Dies ist die deutsche Über,728,en,Partizipativer Haushalt: Porto Alegre
<h3>Problems and Purpose</h3><p>In light,731,en,Deliberative Poll on Japan's Energy and Environmental Policy Options
<h3><strong>Background</strong></h3><p>T,732,en,South East Local Health Integration Network Clinical Services Roadmap Community Engagement Project
<h3>Summary</h3><p>This case study featu,738,en,2007/2008 New Mexico Citizen Conferences
<h3>Summary</h3><p>The case study featur,735,en,"Canadian Senate Public Consultations on Mental Health, Mental Illness and Addiction Services"
<h3>Problems and Purpose</h3><p>Given th,739,en,Citizens’ Dialogue on the Long-term Management of Used Nuclear Fuel
<h3>Problems and Purpose</h3><p>The Citi,741,en,Citizens' Dialogue on Sharing Funds for a Better Canada
<h3>Definition</h3>An online consultatio,742,en,Canadian House of Commons Sub-Committee on Persons with Disabilities Public Consultations
<h3>Problems and Purpose</h3><p>New Hamp,743,en,New Hampshire Community Conversations on Expanded Gambling (2010)
<p><em>Note: Another version of this cas,744,en,Belo Horizonte Participatory Budgeting
<h2>Problems and Purpose</h2><p>The prob,746,en,New Hampshire Public Conversations on Outdoor Recreation
<h3>Problems and Purpose</h3><p>        ,750,en,The New Hampshire Public Conversations on Outdoor Recreation
<p>Anmerkung: Dies ist die deutsche Über,787,en,2007/2008 Buergerkonferenzen New Mexico
<h3>Problems and Purpose</h3><p>Various ,753,en,Citizens’ Dialogue on Canada’s Future:  A 21st Century Social Contract
<h3>Problems and Purpose</h3><p>The obje,754,en,New South Wales Public Deliberation on Electricity Generation
<p><em>Anmerkung: Dies ist die deutsche ,755,en,BürgerForum Europa
<h3><strong>Problems and Purpose</strong,758,en,BürgerForum 2011
<p><strong>Summary:</strong><br /><br />,1199,en,PB in High Wycombe
<p><strong>Summary:</strong></p><p>This ,1194,en,"U-Choose China Clay Community Network, Cornwall "
<p><em>Anmerkung: Dies ist die deutsche ,792,en,Der Streik an der Universität Puerto Rico 2010
<h3> </h3><p> </p><p>Anmerkung: Dies ist,796,en,Deliberative Erhebung zur Koreanischen Wiedervereinigung
<h3>Problems and Purpose</h3><p>The purp,797,en,Use of Delphi Method to Develop a Horse Control Strategy
<h3>Problems and Purpose</h3><p>The fina,801,en,Citizens' Manifesto for European Democracy
<p><strong>Summary:</strong><br /><br />,1200,en,The Boston Placecheck Project
<p><strong>Einleitung</strong></p><p><em,967,en,Über Demokratie in der Schule – das Beispiel Hadera
"<p><a id=""Problems_and_Purpose"" name=""Pr",808,en,Ländliches Volksentscheids-Experiment (Indonesien) 
<p><em>The original version of this case,1134,en,Song of a Citizen
<p><em>The original version of this case,1110,en,NIRAS/l'ONDRAF
<p><em>The original version of this case,1112,en,Participatory Chinatown
<p><em>Anmerkung: Dies ist die deutsche ,825,en,"Australiens erstes Bürgerparlament (Canberra, Australien)"
<p><em>The original version of this case,1141,en,Moscow Commissions Fair and Service to Commissions Awards
"<p>Throughout 2010, local and central Se",1184,en,£eith Decides
<p><em>The original version of this case,1185,en,e-Dialogos
"<p>After months of preparation, 139 youn",1186,en,"The Children's Fund, Newcastle, UK"
<p><em>The original version of this case,1155,en,Bantay Sangkay: A Community Driven Development (CDD) Approach
<p><em>The original version of this case,973,en,Participatory Urban Development Berlin - Dialogue about Tempelhof Airport
<p><em>The original version of this case,974,en,National Conversation on Public Health and Chemical Exposures
<p><em>The original version of this case,1079,en,Support for Local Governance Processes
<h3>Problems and Purpose</h3><p>The prob,1147,en,NHS Virtual Participation Groups
<p><em>The original version of this case,1159,en,Building a Better Colorado through Civic Engagement
<p><em>The original version of this case,1181,en,Independent Custody Visiting in Police Detention Facilities
<h3>Problems and Purpose</h3><p> </p><h3,849,en,Brazil National Consultation for Country Progress Report on AIDS Response
<h3>Problems and Purpose</h3><p>The Iris,850,en,Irish Constitutional Convention (2012)
"<p><a id=""Purpose_and_Problem"" name=""Pur",929,en,Indonesiens Direktdemokratie Experiment
<p><strong>Islands Nationalforum 2010</s,852,en,Islands Nationalforum 2010
<p><em>The original version of this case,970,en,Participatory Budget Saving in Solingen
<p><em>The original version of this case,971,en,Mitreden-U
<p><em>The original version of this case,972,en,Dresdner-Debatte
<h3>Summary</h3><p>On Saturday 13th Marc,1385,en,"‘Your Voice, Your Choice’ Participatory Budgeting Event."
<p><em>The original version of this case,1148,en,Abuja Town Hall Meetings
<p><em>The original version of this case,1150,en,Citizens' Hall
<h3> </h3><p><em>Note: An earlier versio,1153,en,PO.PART
<p><em>Note: this is an English translat,871,en,"Medellín, Colombia. Local Planning and Participatory Budgeting"
<p>Note: this is an English translation ,872,en,La Reina Sustainable Development Project (Chile)
<p><em>Note: this is an English translat,873,en,Citizen Participation in the Revision of the Regulatory Communal Plan of Estación Central
<p><em>Note: this is an English translat,874,en,No to the Costanera Norte Coalition
<p><em>The original version of this case,1247,en,Reforming the Indigenous Health System in Brazil
<p><em>The original version of this case,1105,en,European Citizens' Consultation
<h3>Problems and Purpose</h3><p>The key ,1251,en,We the Citizens Ireland
<p><em>Anmerkung: Dies ist die deutsche ,1250,en,British Columbia Bürgerversammlung zur Wahlrechtsreform
<p><em>The original version of this case,1107,en,Family-Centred Employment Project
<h3><strong>Introduction</strong></h3><p,979,en,Hadera Democratic School (Israel)
<p><em>Anmerkung: Dies ist die deutsche ,980,en,Gacaca Gerichte: Gemeinschaft Gerechtigkeit in Ruanda
<p><em>Note: the following case is a stu,1077,en,Congreso Visible
<h3>Problems and Purpose</h3><p>The Neig,988,en,"Neighbourhood Recovery Programme ""I Love My Neighbourhood"" (Chile)"
<p><em>Anmerkung: Dies ist die deutsche ,935,en,"Philadelphia: Harte Zeiten, Schwierige Entscheidungen"
<p><em>The original version of this case,1161,en,Imagine Durban
<p><strong>Summary:</strong><br /><br />,1198,en,Your Voice Your Choice
<p><em>The original version of this case,1163,en,Paducah Gaseous Diffusion Plant Future Vision Project
<p><em>The original version of this case,1165,en,Toronto Civics 101
<p><em>Anmerkung: Dies ist die deutsche ,1244,en,Die Nationalen Konferenzen Öffentlicher Ordnung (Brasilien)
<p><strong>Summary</strong></p><p>In 200,1197,en,Cae Ddol Park Participatory Budget
<h3>Problems and Purpose</h3><p>From Oct,982,en,Citizens’ Panel on Edmonton’s Energy & Climate Challenges
<p><em>Note: the following case needs he,946,en,Hampton (Virginia) Deliberative Governance
<p><em>The original version of this case,1109,en,Lübecker Bürgerkonferenz
<p><em>Note: the following case needs he,954,en,Bridgeport (Connecticut) Community Conversations
<p><em>The original version of this case,1089,en,Five-Year Plan to Increase Community Involvement in Portland (Oregon)
<p><em>The original version of this case,1087,en,Burnsville Mayor Elizabeth Kautz's Civic Initiatives
<p><em>The original version of this case,953,en,Geraldton 2029 and Beyond
<p>On Saturday 12th November 2011 reside,1187,en,Miles Platting Decided! 
<p>This is a participatory budgeting pro,1188,en,"Your Community, Your Health, Your Voice "
<p><em>The original version of this case,1094,en,In Action with Citizens! Learning Communities for Local Citizens' Participation
<p><em>The original version of this case,1083,en,Urban Governance and Decentralisation Programme
<p><em>The original version of this case,1085,en,Participation-Oriented Development Programme in Densely Populated Urban Areas
<p><em>The original version of this case,964,en,Legislative e-Democracia
<p><em>The contents of this case study w,1045,en,OpenParlamento
"<p class=""documentFirstHeading"">Dulverto",1196,en,"Sensible Spending in Dulverton, Somerset"
"<p class=""documentFirstHeading"">As part ",1190,en,"Crossroad Daycare Centre pioneers Participatory Budgeting, Norfolk "
"<p class=""documentFirstHeading"">The Ever",1191,en,"Everyone Counts, Walsall"
<p><em>The original version of this case,1143,en,Queensland Growth Management Summit
<p><em>The original version of this case,1130,en,Winning the Right to Information in India
<p><strong>Der Bürgersaal in der Mongole,1122,en,Der Bürgersaal in der Mongolei
<p><strong>Einleitung</strong></p><p>“Wh,1255,en,"What's Next California? Deliberative Poll (Torrance, California)"
<p><em>The original version of this case,1120,en,Toronto Community Housing's Tenant Participation System
<p><em>The original version of this case,1128,en,OLAnet - Ohio Latino Affairs Network
<p><em>The original version of this case,1115,en,Rosario Participatory Budgeting
<p><em>The original version of this case,1170,en,Latvia 2030 Sustainable Development Strategy Drafting
<p><em>The original version of this case,1172,en,Moldovan Network
<p><em>The original version of this case,1174,en,Vote-Exchange
"<p class=""documentDescription"">Three par",1209,en,U-Choose For Cornwall
<p>This participatory budgeting voting e,1208,en,"Glow in the Park, Vote in the Dark in Milton Keynes "
<p>Just under 2 years ago Manton Communi,1210,en,"Voice Your Choice, Manton, Nottinghamshire"
"<p class=""documentDescription"">The St. A",1211,en,The St. Ann’s Funding Team Awards for Young People 2009 – ‘The SAFTA’s’ in Stockon on Tees 
"<p class=""documentDescription"">Can young",1212,en,“Berkhamsted Ideas Delivered” - Berkhamsted Youth Town Council’s participatory budgeting initiative
"<p class=""documentDescription"">Greater M",1213,en,It's UP2U in Tameside
"Your Voice, Your Choice ballot project w",1214,en,"Acorns Your Voice, Your Choice Ballot "
"<p class=""documentDescription"">Residents",1215,en,"Voice Your Choice in Eastfield, Scarborough "
"<p class=""documentDescription"">The ancie",1216,en,"Eich Dinas, Eich Dewis - Your City, Your Choice in St. Asaph "
"<p class=""documentDescription"">One of th",1217,en,Section 106 funding in East Devon
"<p class=""documentDescription""><em>Note:",1218,en,East Salford Highways Participatory Budgeting Case Study 
<p>Great Yarmouth Borough Council has un,1219,en,"Your borough, Your say (Great Yarmouth, UK)"
"<p class=""documentDescription"">As part o",1220,en,Adeyfield Action “You Choose” (Hemel Hempstead) 
"<p class=""documentDescription"">In 2008 P",1221,en,Parr Investment Grant Voting Day 2009 & 2010 (St. Helen's) 
"<p class=""documentDescription"">Poulton N",1222,en,"In Your Hands, Morecambe"
"<p class=""documentDescription""><em>Note:",1223,en,Claremont & Weaste devolved highways budget case study
"<p class=""documentDescription"">In 2006 t",1224,en,"The Village Spend, Coedpoeth, North Wales "
"<p class=""documentDescription"">Buckingha",1225,en,An integrated approach to PB in Buckinghamshire
"<p class=""documentDescription"">This case",1226,en,Participatory Budgeting in Wigan 
"<p class=""documentDescription"">Bradford ",1227,en,"Keighley Decision Day, Bradford "
"<p class=""documentDescription"">The Peopl",1228,en,"The People's Fund, East End & Hendon, Sunderland "
<p>The Harrow Open Budget initiative was,1229,en,Harrow Open Budget
<p><em>The original version of this case,1233,en,e-People
<p><em>The original version of this case,1236,en,Seal the Deal Global Youth Town Hall
<p><em>The original version of this case,1240,en,Neighbors Issues Forums - Inclusive Social Media
<p><em>The original version of this case,1259,en,Canada's World
<p><em>The original version of this case,1261,en,IDEAL-EU Social Networking Platform
<p><em>The original version of this case,1263,en,La Plata Multi-Channel Participatory Budgeting
<p><em>The original version of this case,1265,en,Participa en Andalucía
<p><em>The original version of this case,1268,en,OSALE: The Estonian eParticipation Tool
<p><em>The original version of this case,1270,en,Participatory Detailed Project Report on Solid Waste Management in Gopeshwar
<p>If you live in central Luton you have,1276,en,Luton Participatory Budgeting
"<p><em>Note: this case is a stub, please",1712,en,Theyworkforyou.com (Democratic innovation)
<h3>Purpose</h3><p>Each year this PB pro,1862,en,"You Choose, Tameside, Greater Manchester, UK"
"<h3>Problems and Purpose</h3><p>In 1995,",1863,en,Prince Edward County Citizens' Assembly
<p><em>Note: this is an English translat,1949,en,Atibaia 2010 Participatory Budgeting
<p><em>Note: this is an English translat,1950,en,Participatory Budgeting in Santa Cruz (Cape Verde)
"<p><em>Note: this case is a stub, please",1610,en,Neighbourhood Community Budget Pilots
<p><em>The original version of this case,1351,en,Kuna ACT Study Circles (Alliance for a Cohesive Community Team)
<p><em>The original version of this case,1353,en,Public Engagement Project on Pandemic Influenza Vaccine Priorities
<p><em>The original version of this case,1354,en,Terzo Veneto
<h3>Summary</h3><p> </p><h3>Problems and,1386,en,Bristol City Council e-Participatory Budgeting
<h3>Summary</h3><p>A new wave of people ,1413,en,‘People  Proofed’ Budgets  in Hereford Hampton Bishop
<h3>Summary</h3><p>Adur District Council,1383,en,Pot of Gold
<h3>Summary</h3><p>In 2011 Be Birmingham,1384,en,Be Birmingham Small Area Budgets
<h3>Summary</h3><p>In 2009 Carlisle City,1387,en,Community Empowerment in Harraby and Longtown
<h3>Summary </h3><p>In Cumbria a form of,1388,en,Neighbourhood Forums in Cumbria 
<h3>Summary</h3><p>The Department for Co,1389,en,UP2U Participatory Budgeting in Isle of Wight
<h3>Summary</h3><p>Community Budgeting i,1390,en,Community Budgeting in Fife 
<h3>Summary</h3><p>Gosport Community Saf,1394,en,YOU Decide Participatory Budgeting in Gosport
<h3>Summary</h3><p>The Home Office award,1398,en,Participatory Budgeting  Part of Engaged Communities Hallmark 
<h3>Summary</h3><p>In 2012 Devon and Som,1399,en,Devon and Somerset Fire and Rescue Participatory Budgeting 
<h3>Summary</h3><p>Five projects across ,1400,en,Community Wellbeing Champions Initiative in Stirling 
<h3>Summary</h3><p>Durham County Council,1405,en,"It's Up 2 U £500K (Crook, Durham County, UK)"
<h3><em>By Mohadesa Najumi and Omar O. O,1403,en,(Theorising) Participatory Democracy and Communal Councils in Venezuela: The Popular Experience 
<h3>Summary</h3><p>Groups working to imp,1404,en,Voice Your Choice in Huntingdon North Ward 
"<h3>Summary</h3><p>In 2009, residents of",1406,en,Islington People's Project at Finsbury Park ward
"<h3>History</h3><p>A former Estonian MP,",1462,en,Rahvakogu (People's Assembly)
<h3>Summary</h3><p>In February 2011 a pa,1412,en,Participatory Budgeting Event in Frodsham
<h3>Summary</h3><p>In 2012 Hampshire Cou,1434,en,Have Your Say
<h3>Problems and Purpose</h3><p>Each yea,1442,en,Practising Generosity
<h3>Problems and Purpose</h3><p>In this ,1449,en,Satyamev Jayate (Truth Alone Prevails)
<h3><strong>Problemstellung und Zweck</s,1459,en,“Crowdsourcing” in politischen Entscheidungs- und Gesetzgebungsprozessen in Finnland 
<h3>Problems and Purpose</h3><p>As a con,1445,en,Crowdsourcing in policy and lawmaking in Finland
"<h3>Summary</h3><p>The Your Voice, Your ",1432,en,"Acorns Your Voice, Your Choice Ballot "
<p><em>Anmerkung: Dies ist die deutsche ,1431,en,Ein Gemeinsamer Plan für New Orleans
"<p>Betri Reykjavik, or Better Reykjavik ",1957,en,Betri Reykjavik - e-democracy 
"<p dir=""ltr""><em>Adapted by Kathryn Buss",4200,en,Participatory Budgeting in Yanjian County 
<p>Anmerkung: Dies ist die deutsche Über,2453,en,Der isländische Verfassungsrat
<h3><strong>Introduction</strong></h3><p,2342,en,The Participatory Politics of Grassroots Jerusalem
<p> </p><p><em>Anmerkung: Dies ist die d,2444,en,Der Bürgerhaushalt in Recife
<h6><strong>Problems and Purpose</strong,4198,en,Nouabook
<p>The following is a suggested structur,4195,en,Bairo Limpo
"<h2 align=""center""><strong>Democracy in ",4196,en,"Democracy In Practice: Democratic Student Government Program in Cochabamba, Bolivia"
<p><em>Note: this is a German translatio,2218,en,Tomorrow's Europe (Das Europa von Morgen)
"<p><a id=""Definition.2FProcess"" name=""De",2197,en,Communities Creating Racial Equity Initiative
<p>The format of a ‘G1000’ was developed,2843,en,G1000 Amersfoort
<h3>Problems and Purpose</h3><p>20 years,2373,en,Participation Days in Angers
<h3>Problems and Purpose</h3><p>Before c,2374,en,"Colombia, La Guardia Indígena (Indigenous Guard)"
<p> </p><p><em>Anmerkung: Dies ist die d,2315,en,Keralas Volkskampagne für Dezentralisiertes Planen
<h3>Problems and Purpose</h3><p>The prin,2376,en,"Citizen Participation in Housing Policy, Puento Alto (Chile)"
<p><em>Note: a Spanish translation of th,2369,en,"The European e-AGORA Project (Ipatinga, Brazil)"
<p> </p><ol><li>Definition of the commun,2370,en,The “Las Brisas” Participatory Project 
<p>Note: this is an English translation ,2371,en,Youth Participatory Budgeting Rosario (Argentina)
<h3>Problems and Purpose</h3><p>The goal,2372,en,Cordoba Participatory Budget
<h3><strong>History</strong></h3><p><a h,2438,en,Participatory Budgeting in Cruz Alta (RS-Brazil)
<p>Anmerkung: Dies ist die deutsche Über,2360,en,Nationales Projekt zu Mündungsgebieten in Tillamook Bay
<h3>Hintergrund:</h3><p>Im Januar des Ja,3079,en,"Die Inanspruchnahme von Machizukuri nach dem Erdbeben von 1995 (Kobe, Japan)"
"<h3> Mission</h3><p><a href=""http://askt",2618,en,AskThem.io
<p><em>Anmerkung: Dies ist die deutsche ,3193,en,Der ASUW Studentensenat
<p><strong>Problem and Purpose</strong><,2891,en,The Madison Project
<h3><strong>Problem and Purpose</strong>,2892,en,The Madison Project
<p><em>Anmerkung: Dies ist die deutsche ,2697,en,"Der ""Deliberative Poll"" in San Mateo"
<h3><strong>Problem and Purpose</strong>,2635,en,Tasmanian Deliberative Democracy on Biobanks
"<p>The municipality of Enschede, Netherl",2842,en,Motiemarkt Enschede 
<p>The Participatieraad (participation c,2841,en,"Participatieraad (Participation Council), Netherlands"
<h3>Problems and Purpose</h3><p>The prin,3458,en,Heavitree Political Participation Panel pilot
<p>Preparing a write-up of this case wil,4256,en,Participatory Budgeting in Bento Gonçalves
<p> </p><h3>Problems and Purpose</h3><p>,4242,en,Cabildo Abierto Pasto 
<h3><strong>Problems and Purpose</strong,4243,en,Eskil Park
<p>Preparing a write-up of this case wil,4245,en,Participatory Budgeting in Alagoinhas
"<p> </p><h5>History, Problems and Purpos",4237,en,"Civic Budget (Budżet Obywatelski), Sopot"
<p>Preparing a write-up of this case wil,4247,en,Participatory Budgeting in Aracaju
<h3>Summary</h3><p>Vallejo was the first,4240,en,"Participatory Budgeting - Vallejo (CA), US"
<p><strong>Background</strong></p><p>Dur,4236,en,Massachusetts American Legion Auxiliary Girls State
<p>This case study was originally done a,4229,en,Application of Deliberatorium in Italy
<p><em>This case study was originally do,4230,en,"Participatory Budgeting in Vallejo, California "
<h3>Summary </h3><p>With 30 years of rap,4233,en,"Participatory Budgeting in Mayan Village, Chengdu, China"
"<p dir=""ltr""><em>This entry is an adapte",4234,en,Humboldt Bay Municipal Water District
<p>The following is a suggested structur,4133,en,Promoting Civic Engagement in Schools in Non-Democratic Settings: Transforming the Approach and Practices of Iranian Educators
<h3>Problems and Purpose</h3><p>The Euro,4135,en,The European Citizens’ Consultation 2009
<h3>Problems and Purpose</h3><p>The Euro,4136,en,The EuroPolis Project
<p>The following is a suggested structur,4144,en,OpenGov.gr - The Greek Open Government Initiative
"<h3 dir=""ltr"">Problems and Purpose</h3><",4199,en,YouthDebates
<p><em>Case Study originally developed a,4228,en,Grandview Woodland Citizens' Assembly
<p>Preparing a write-up of this case wil,4252,en,Participatory Budgeting in Bagé
"<h3><strong>History, Problems &amp; Purp",4226,en,"People's Juries in Social Inclusion Partnerships, Scotland"
<h3>Probleme und Beweggründe</h3><p>2005,4160,en,Öffentliche Petitionen im Deutschen Bundestag
<p>In October 2014 an amendment to the H,4161,en,Online Consultation on the Amendment to the Higher Education Act in North Rhine-Westphalia
"<p>In 2012, the Environmental Agency of ",4162,en,Dortmund Noise Action Plan (Lärmaktionsplan)
<p><strong>Probleme und Beweggründe</str,4163,en,Internetvermittelte kooperative Normsetzung an der mathematisch-naturwissenschaftlichen Fakultät der Heinrich-Heine-Universität Düsseldorf
<h3>Problems and Purpose</h3><p>UNITY wa,4192,en,United National Indian Tribal Youth (UNITY)
<h3>Problems and Purpose</h3><p>The Camp,4193,en,The Campaign for a Presidential Youth Council 
<p>The federal state of Baden-Wuerttembe,4165,en,"Wir wollen deinen Kopf! - Reintroduction of the ""Verfasste Studierendenschaft"" in Baden-Wuerttemberg, Germany"
"<p align=""JUSTIFY""><strong>LiquidFriesla",4166,en,LiquidFriesland
<h2>Probleme und Beweggründe</h2><p>Der ,4167,en,eZürich - Ideenwettbewerb zur digitalen Zukunft der Stadt Zürich
<p>1. Probleme und Beweggründe</p><p>Die,4168,en,"Enquete-Kommission ""Internet und digitale Gesellschaft"""
<p> </p><h3>Probleme und Beweggründe</h3,4169,en,"Renovierung des Stadionbads, Bremen "
<h3>Probleme und Beweggründe</h3><p>In d,4171,en,Fallstudie zur interaktiven Landschaftsplanung an der Elm
<h3>Probleme und Beweggründe</h3>Im Rahm,4172,en,Besser-Studieren.NRW
In 2014 the City of Boston initiated “Yo,4176,en,Youth Lead the Change: Boston’s Youth-Focused Participatory Budgeting (2014)
"<p><a href=""http://VouliWatch.gr"">VouliW",4177,en,VouliWatch (Greece)
<p>The purpose of the DEMOS project was ,4178,en,DEMOS: Buenos Aires Legislature
"<p dir=""ltr""><em>This entry is an adapte",4204,en,San Diego District Attorney's Youth Advisory Board
"<p dir=""ltr""><em>This entry is an adapte",4205,en,Manassas Community Resources App
<p><strong>Background</strong></p><p>In ,4201,en,Northern Gateway Pipeline – Community Advisory Boards
"<p dir=""ltr"">During the course of 2012 a",4190,en,Civic Engagement in Tunisia's Constitutional Drafting
<p><em>This entry is an adapted version ,4207,en,The Los Angeles Citywide Neighborhood Council System
<p>Preparing a write-up of this case wil,4253,en,Participatory Budgeting in Bauru
<p>Preparing a write-up of this case wil,4251,en,Participatory Budgeting in Araçatuba
<p>Preparing a write-up of this case wil,4249,en,Participatory Budgeting in Araras
<p>Preparing a write-up of this case wil,4248,en,Participatory Budgeting in Andradina
<h3><strong>Problems and Purpose:</stron,4220,en,Romanian National Citizen Initiative on Labour Code
<h3><strong>Problems and Purpose</strong,4221,en,Modern Bulgaria for Fair Elections
<h3>Problems and Purpose</h3><p>The main,4222,en,Deliberative Polling on Vermont’s Energy Future
<p>The following is a suggested structur,4223,en,Participatory Budgeting in Seville 
<h3>Problems and Purpose</h3><p>The purp,4224,en,"Participatory Budgeting in Seville, Spain "
<h3>Problems and Purpose</h3><p>Followin,4225,en,Electronic Participatory Budgeting in Iceland 
<h3><strong>Case Overview</strong></h3><,4260,en,Australian consensus conference gene technology in the food chain 1999 
<h3>Problems and Purpose</h3><p>Citizen ,4279,en,Participatory Planning in Nepal
<h3>Problems and Purpose</h3><p>The purp,4280,en,Pune Participatory Budgeting
<h2>SPD Online - Antrag 2011</h2><h4>Onl,4284,en,SPD Online- Antrag 2011
<h2>Bürgerhaushalt  der Stadt Köln - Jah,4285,en,Bürgerhaushalt  der Stadt Köln - Jahr 2010
<p><strong>Note</strong>: This is the En,4287,en,Brazilian Conferences on Health
<p><strong>Nota</strong>: Esta é a tradu,4288,en,As Conferências de Saúde no Brasil
"<h3>Summary</h3><p>In July 2014, Profess",4289,en,Deliberative Polling® in the Bududa and Butalejja Districts of Uganda
<h2>Problems and Purpose</h2><p>The prac,4292,en,"Citizens’ Participation in the 2015-2019 Strategic Plan of Kadikoy Municipality: All in People’s Power, All Discussed and Decided by the People"
<h3>Problems and Purpose</h3><p>In growi,4295,en,"Designing Kadikoy’s Bicycle Transport and Inonu Avenue Bike Lane Altogether (Kadikoy, Istanbul, Turkey)"
<p><strong>Problems and Purpose</strong>,4297,en,Participatory Planning Process: 'Region of Consciousness' Austria
<p>Program Highlights</p> <p>•The board ,4301,en,San Luis Obispo County: Building Public Support for Needed Infrastructure
<p>Program Highlights</p> <p>•C.A.R.O.N.,4302,en,C.A.R.O.N. – Community Alliance to Revitalize Our Neighborhood: Violence Prevention by Engaging Youth and Immigrant Families
<h3>Problems and Purpose</h3><p>Gender-b,4303,en,Women’s Forum and Workshop for the Development of a Local Equality Action Plan for Kadikoy
<p><strong>History</strong></p><p>In 190,4517,en,Okara Military Farms-Women's Protest Camp (AMP)
<p>There was the first attempt of the me,4332,en,Společenská burza
<h3>Problems and Purpose</h3><p>Two deli,4334,en,City of Greater Geraldton Deliberative Participatory Budget
<h3>Summary</h3><p>As a result of the at,4336,en,"Managing the Process Together with Dialogue and Interaction: The Model of Kadife Street in Kadikoy, Istanbul"
<h3>Purpose/Problem</h3><p>The March 201,4504,en,"Telepsychiatry, Online Clinics and Mental Health Training in Chitral, Pakistan"
"<h3>Background</h3><p>During 2006, the G",4346,en,"Transparency In Delivery Of Entitlements Through Empowered Civil Society Organisations: The Consortium Of Groups For Combating Corruption Model (Rajasthan, India) "
<p><em>Note: this cast study needs help ,4350,en,South Australia's Country Cabinets
<h3>Problems and Purpose</h3><p>Despite ,4351,en,Textizen Philadelphia
<p><em>Note: the following case study ne,4353,en,Dog and Cat Management (South Australia)
<h3>Summary</h3><p>Asthmapolis is a comp,4354,en,"Understanding Collaborative Participation: “Asthmapolis” in Louisville, Kentucky"
<p><em>Note: the following case study ne,4355,en,Sharing the Roads Safely: a South Australian Citizens' Jury
"<h3>Summary</h3><p><a href=""http://www.p",4361,en,Black Sash Making All Voices Count Community-based Monitoring Project 
<h3>History</h3><p>The Scottish Governme,4362,en,Citizen Space - Scottish Government
<h3>Case Description</h3><p>In the 1980’,4365,en,Decide Madrid- A participatory budgeting tool in the Spanish capital
<h3>Summary</h3><p>The Mornington Penins,4366,en,Mornington Peninsula Shire Conversations 
<h3>Problems and Purpose</h3><p>The jury,4367,en,City of Sydney - Safe and Vibrant Nightlife
<h3>Introduction</h3><p>Citizens’ direct,4368,en,"Participatory Budgeting System in Seoul, South Korea"
<h3>Summary</h3><p>In 2010 the London Bo,4369,en,You Choose: London Borough of Redbridge Council Budget Consultation Tool 
<h3>Problems and Purpose</h3><p>Manageme,4370,en,Conservation through Participation: Management of Eastern Coyotes in New York State
<h3>Problems and Purpose</h3><p>The Melb,4372,en,City of Melbourne People's Panel
<h3>Summary</h3><p>U-Report is a SMS mob,4389,en,Enabling Youth Participation Through Technology: U-Report Uganda
<h3>Abstract</h3><p>Participatory arts a,4375,en,Participatory Arts with Young Refugees
<p><em>This page is a work in progress. ,4379,en,City of Canada Bay Policy Panel
<h3>Introduction</h3><p>Prior to the Nov,4383,en,Reclaim November Ohio! 
<p><em>Note: this case is in need of edi,4384,en,Preparation of Core Scope Document of Mission Mode Project in School Education through Participatory Process 
<h3>Problems and Purpose</h3><p>Darebin ,4385,en,Darebin Participatory Budgeting Citizens' Jury
<h3>Problems and Purpose</h3><p>Mooreban,4386,en,Moorebank Intermodal Citizens' Jury
<p><strong>Problems and Purpose</strong>,4387,en,Marrickville Infrastructure Citizens' Jury
<h3>Problems and Purpose</h3><p>Noosa is,4391,en,Noosa Community Juries
<h3>Problems and Purpose</h3><p>The Sout,4392,en,South East Drainage Community Panel (South Australia)
<h3>Summary</h3><p>The Guelph Neighbourh,4393,en,The Guelph Neighbourhood Support Coalition 
<h3><strong>Problems and Purpose</strong,4394,en,Tamale Deliberative Poll (Ghana)
<h3>Introduction</h3><p>According to Mic,4396,en,Participatory Urban Planning in Kitale
<h3>Problems and Purpose</h3><p>In the w,4397,en,1996 National Issues Convention Deliberative Poll
<p>1st version 05/16 by Leonardo de Souz,4399,en,Public Hearings on Belo Monte Dam’s Construction
<p>1st version 05/16 by Ricardo Fabrino ,4402,en,June Journeys
<p>1st version 05/16 by Priscila Zanandr,4404,en,A Política Nacional de Participação Social
<p><strong>Problems and Purpose</strong>,4408,en,Penrith Community Panel
<h3>Problems and Purpose</h3><p>The Vict,4409,en,Victoria's Citizens' Jury on Obesity
<h3>Problems and Purpose</h3><p>Problem:,4410,en,Defective by Design
<p><em>Note: the following case study is,4414,en,Carcross/Tagish First Nation
<p><em>Note: the following case study is,4415,en,Black Lives Matter
<p><strong>Problems and Purpose</strong>,4417,en,Haida Gwaii Collaborative Land Use Planning
<p><strong>Problems and Purpose</strong>,4418,en,From Stream Management to Watershed Governance: The Collaborative Restoration of Vancouver’s Still Creek 
<h3>Problems and Purpose</h3><p>In 2013 ,4422,en,NHS Citizen
<p>The following information is based pr,4429,en,Fremantle Bridge Community Engagement Process
<p><em>Note: this article needs help wit,4496,en,"""What's the big idea?"" Hepburn Shire Council's Plan"
<p><em>Note: the following article needs,4458,en,Dogs on Inverloch Beach Community Engagement
<h3>Problems and Purpose</h3><p>Kosciusz,4466,en,Protecting the Snowies - Wild Horse Management in Kosciuszko National Park
<p><em>Note: this article needs help wit,4469,en,"ZOOM - ""How Might We Design Our Future City?"""
<h3>Problems and Purpose</h3><p>In Octob,4472,en,Bayside Child Care Future Options Community Panel
<p><em>Note: the following article is a ,4473,en,Let's Talk Waste - Mornington Peninsula Community Engagement Program
"<h3>Problem/Purpose</h3><p>In Pakistan, ",4490,en,Performance Monitoring of Pakistan's National Assembly from the Citizens’ Perspective
<h3>Problem</h3><p>Local and internation,4481,en,Citizens' Group for Electoral Process in Pakistan
<h3>History/Overview</h3><p>Dedicated to,4488,en,Aawaz Voice and Accountability
<h3>Problem/Purpose</h3><p>There is a se,4489,en,Participatory Poverty Assessment-Pakistan                              
<h3>Problems and Purpose</h3><p>The Camp,4498,en,Campaspe: Our Future
<h3>Problems and Purpose</h3><p>In 2014 ,4505,en,Strengthening the Future Provisions of Public Secondary Education in the Inner Sydney Area
<p><strong>Problem/Purpose:</strong></p>,4514,en,Tehreek-E-Insaaf's Azadi March
<h3>Problems and Purpose</h3><p>Pastoral,4513,en,"The Gascoyne Muster - Pastoral Forums (Carnarvon, Western Australia)"
<p><strong>Problem/Purpose</strong></p><,4512,en,Girls at Dhabas
<p><em>This article is a stub. Please he,4510,en,Road Trains Summit
<p><em>The following entry has been summ,4511,en,Western Australia's Freight Network Review
<h3>Problem/Purpose</h3><p>A UN Inter-ag,4509,en,Balochistan Agriculture Project: Kitchen Gardening 
<p><em>The following information has bee,4515,en,"Taxi Industry Forum (Perth, Western Australia)"
<p><strong>Problem and Purpose:</strong>,4524,en,Women's Democratic Front Forum on Honour Killings
<p><em>The following article has been su,4525,en,Leighton Rail Marshalling Yards - Community Consensus Forum
<p><em>The following article is summaris,4527,en,Scarborough Senior High School Redevelopment (Western Australia)
<p><em>The following article has been su,4528,en,Reid Highway Extension Citizens' Jury
<p>The following entry has been summaris,4529,en,Albany Administration Centre Site Citizens' Jury
<p>The following entry has been summaris,4535,en,Scarborough Beach Deliberative Survey
<p>The following entry has been summaris,4533,en,Corporate Concurrent Citizens' Juries
<p>The following is a suggested structur,4538,en,Inspiration manual on participation: 32 cases from Flanders (Belgium) + 6 questions for research and 4 articles & essays (2014-12-09)
<p><strong>Problem/Purpose: </strong></p,4539,en,Islamabad Katchi Abadi Community Database
<p>The following entry has been summaris,4542,en,North-East Corridor Extension - choosing an industrial site in Western Australia
<p>The following entry has been summaris,4543,en,Review of Agricultural Lime Routes 
<p>The following entry has been summaris,4545,en,Dialogue with the Pilbara: Newman Tomorrow
<p>The following entry has been summaris,4547,en,Bassendean Train Station - Enquiry-by-design
"<p align=""center""><strong>Problem: </str",4548,en,The Citizen's Archive of Pakistan (Oral History Project)
"<p align=""center""><strong>Problem: </str",4549,en,The Citizen's Archive of Pakistan (Oral History Project)
<p><strong>Problem:</strong></p><p>Despi,4550,en,National Multi-Level Stakeholder Consultation  (Trans Action Khyber Pakhtunkhwa)
<p><em>This case is ongoing - if you kno,4556,en,Eurobodalla Citizens' Jury
<p>The following entry has been summaris,4554,en,Glenunga Community Hub 
<p>The following is a suggested structur,4557,en,City of Greater Bendigo Citizens' Jury
<p><em>The following article is a stub. ,4558,en,Get to know Nuclear: Nuclear Fuel Cycle engagement in South Australia
