method_id,tag
428,dialog
428,participation
428,Stammtisch 2.0
428,Stammtisch 3.0
428,Anna-Lindh-Salin
428,time-credits
428,attention ecology
441,agora 2.0
441,italy
441,law amending
448,wiki
448,law-making
514,Living Democracy
514,www.echo.to
518,Occupy Vancouver; Process; Spokes Council; Consensus; Democracy
521,voter information
521,voter free-rider problem
521,democratic reform
521,media reform
521,corporate reform
521,participatory budgeting
530,United Nations
530,Student Participant
538,conservation; habitats; endangered species; threatened species; HCPs
543,public engagement
543,GM0
543,consensus conference
547,occupy wall street; Occupy; Movement; Social Media; Social Networking; Facebook; Twitter; YouTube; Livestream
580,Liquid Democracy
580,Online Democracy
580,Proxy Voting
592,deliberation
650,democracy system market direct representative
775,e-Deliberation
775,e-democracy
775,collaboration
775,deliberation
1257,e-Deliberation
1257,civic participation
1257,collective decision making
4241,electoral district forum
4241,conversational democracy
4241,deliberative democracy
4241,e-democracy
4241,online discussion
4241,discussion board
4241,direct representation
4241,digital democracy
4146,Citizen Participation
4317,participatory budget
4206,human needs
4206,deliberative democracy
4206,Direct Democracy
4206,anticipatory democracy
4206,Participatory democracy
4206,grassroots
4206,grassroots democracy
4206,common ground theory
4206,freedom of speech
4206,Agora Ekklesia
4175,efficiency evaluation participation
4286,crowdsourced deliberation system
4299,doparie
4299,argument map
4299,ideation
4299,software
4299,deliberatorium
4299,political parties
4299,intra-party democracy
4299,representative democracy
4313,online
4314,Online Democracy
4349,diseño Colaborativo
4349,co-diseño
4349,co-design
4380,collaborative planning
4381,EBM
4381,ecosystem-based management
4419,Argument mapping; online tools for deliberation; participatory democracy; wicked problems; conflict management; knowledge presentation
4434,speed dating
4434,icebreaker
4434,dialogue
4434,interview
4467,dialogue
4467,community engagement
4467,neighbourhood
4526,public comment
4537,decision making
